p100,1
p100,2
p100,3
p100,4
p100,5
p100,6
p100,7
p100,8
p100,9
p100,10
p100,11
p100,12
p100,13
p100,14
p100,15
p100,16
p100,17
p100,18
p100,19
p100,20
p100,21
p100,22
p100,23
p100,24
p100,25
p100,26
p100,27
p100,28
p100,29
p100,30
p100,31
p100,32
p100,33
p100,34
p100,35
p100,36
p100,37
p100,38
p100,39
p100,40
p100,41
p100,42
p100,43
p100,44
p100,45
p100,46
p100,47
p100,48
p100,49
p100,50
p100,51
p100,52
p100,53
p100,54
p100,55
p100,56
p100,57
p100,58
p100,59
p100,60
p100,61
p100,62
p100,63
p100,64
p100,65
p100,66
p100,67
p100,68
p100,69
p100,70
p100,71
p100,72
p100,73
p100,74
p100,75
p100,76
p100,77
p100,78
p100,79
p100,80
p100,81
p100,82
p100,83
p100,84
p100,85
p100,86
p100,87
p100,88
p100,89
p100,90
p100,91
p100,92
p100,93
p100,94
p100,95
p100,96
p100,97
p100,98
p100,99
p100,100
p100,101
p100,102
p100,103
p100,104
p100,105
p100,106
p100,107
p100,108
p100,109
p100,110
p100,111
p100,112
p100,113
p100,114
p100,115
p100,116
p100,117
p100,118
p100,119
p100,120
p100,121
p100,122
p100,123
p100,124
p100,125
p100,126
p100,127
p100,128
p100,129
p100,130
p100,131
p100,132
p100,133
p100,134
p100,135
p100,136
p100,137
p100,138
p100,139
p100,140
p100,141
p100,142
p100,143
p100,144
p100,145
p100,146
p100,147
p100,148
p100,149
p100,150
